Station, Link
Hanoi, https://kttv.gov.vn/Kttv/vi-VN/1/ha-noi-w28.html
LaiChau, https://kttv.gov.vn/Kttv/vi-VN/1/lai-chau-w64.html
DienBien, https://kttv.gov.vn/Kttv/vi-VN/1/dien-bien-w38.html
SonLa, https://kttv.gov.vn/Kttv/vi-VN/1/son-la-w45.html
HoaBinh, https://kttv.gov.vn/Kttv/vi-VN/1/hoa-binh-w2.html
LaoCai, https://kttv.gov.vn/Kttv/vi-VN/1/lao-cai-w37.html
YenBai, https://kttv.gov.vn/Kttv/vi-VN/1/yen-bai-w53.html
HaGiang, https://kttv.gov.vn/Kttv/vi-VN/1/ha-giang-w36.html
TuyenQuang, https://kttv.gov.vn/Kttv/vi-VN/1/tuyen-quang-w50.html
BacCan, https://kttv.gov.vn/Kttv/vi-VN/1/bac-can-w52.html
ThaiNguyen, https://kttv.gov.vn/Kttv/vi-VN/1/thai-nguyen-w51.html
PhuTho, https://kttv.gov.vn/Kttv/vi-VN/1/phu-tho-w43.html
VinhPhuc, https://kttv.gov.vn/Kttv/vi-VN/1/vinh-phuc-w44.html
CaoBang, https://kttv.gov.vn/Kttv/vi-VN/1/cao-bang-w49.html
LangSon, https://kttv.gov.vn/Kttv/vi-VN/1/lang-son-w48.html
QuangNinh, https://kttv.gov.vn/Kttv/vi-VN/1/quang-ninh-w63.html
BacGiang, https://kttv.gov.vn/Kttv/vi-VN/1/bac-giang-w46.html
BacNinh, https://kttv.gov.vn/Kttv/vi-VN/1/bac-ninh-w47.html
HaiPhong, https://kttv.gov.vn/Kttv/vi-VN/1/hai-phong-w54.html
HaiDuong, https://kttv.gov.vn/Kttv/vi-VN/1/hai-duong-w19.html
HungYen, https://kttv.gov.vn/Kttv/vi-VN/1/hung-yen-w33.html
NamDinh, https://kttv.gov.vn/Kttv/vi-VN/1/nam-dinh-w34.html
HaNam, https://kttv.gov.vn/Kttv/vi-VN/1/ha-nam-w20.html
NinhBinh, https://kttv.gov.vn/Kttv/vi-VN/1/ninh-binh-w17.html
ThaiBinh, https://kttv.gov.vn/Kttv/vi-VN/1/thai-binh-w18.html
ThanhHoa, https://kttv.gov.vn/Kttv/vi-VN/1/thanh-hoa-w61.html
NgheAn, https://kttv.gov.vn/Kttv/vi-VN/1/nghe-an-w3.html
HaTinh, https://kttv.gov.vn/Kttv/vi-VN/1/ha-tinh-w4.html
QuangBinh, https://kttv.gov.vn/Kttv/vi-VN/1/quang-binh-w5.html
QuangTri, https://kttv.gov.vn/Kttv/vi-VN/1/quang-tri-w6.html
Hue, https://kttv.gov.vn/Kttv/vi-VN/1/hue-w7.html
DaNang, https://kttv.gov.vn/Kttv/vi-VN/1/da-nang-w55.html
QuangNam, https://kttv.gov.vn/Kttv/vi-VN/1/quang-nam-w62.html
QuangNgai, https://kttv.gov.vn/Kttv/vi-VN/1/quang-ngai-w8.html
BinhDinh, https://kttv.gov.vn/Kttv/vi-VN/1/binh-dinh-w56.html
PhuYen, https://kttv.gov.vn/Kttv/vi-VN/1/phu-yen-w59.html
KhanhHoa, https://kttv.gov.vn/Kttv/vi-VN/1/khanh-hoa-w9.html
NinhThuan, https://kttv.gov.vn/Kttv/vi-VN/1/ninh-thuan-w60.html
BinhThuan, https://kttv.gov.vn/Kttv/vi-VN/1/binh-thuan-w10.html
KonTum, https://kttv.gov.vn/Kttv/vi-VN/1/kon-tum-w11.html
GiaLai, https://kttv.gov.vn/Kttv/vi-VN/1/gia-lai-w12.html
DacLak, https://kttv.gov.vn/Kttv/vi-VN/1/dac-lak-w13.html
DacNong, https://kttv.gov.vn/Kttv/vi-VN/1/dac-nong-w39.html
LamDong, https://kttv.gov.vn/Kttv/vi-VN/1/lam-dong-w14.html
BinhPhuoc, https://kttv.gov.vn/Kttv/vi-VN/1/binh-phuoc-w30.html
TayNinh, https://kttv.gov.vn/Kttv/vi-VN/1/tay-ninh-w35.html
DongNai, https://kttv.gov.vn/Kttv/vi-VN/1/dong-nai-w32.html
BinhDuong, https://kttv.gov.vn/Kttv/vi-VN/1/binh-duong-w16.html
HoChiMinh, https://kttv.gov.vn/Kttv/vi-VN/1/ho-chi-minh-w15.html
BRVungTau, https://kttv.gov.vn/Kttv/vi-VN/1/br-vung-tau-w31.html
LongAn, https://kttv.gov.vn/Kttv/vi-VN/1/long-an-w21.html
TienGiang, https://kttv.gov.vn/Kttv/vi-VN/1/tien-giang-w23.html
VinhLong, https://kttv.gov.vn/Kttv/vi-VN/1/vinh-long-w57.html
BenTre, https://kttv.gov.vn/Kttv/vi-VN/1/ben-tre-w24.html
DongThap, https://kttv.gov.vn/Kttv/vi-VN/1/dong-thap-w22.html
TraVinh, https://kttv.gov.vn/Kttv/vi-VN/1/tra-vinh-w25.html
AnGiang, https://kttv.gov.vn/Kttv/vi-VN/1/an-giang-w58.html
CanTho, https://kttv.gov.vn/Kttv/vi-VN/1/can-tho-w26.html
HauGiang, https://kttv.gov.vn/Kttv/vi-VN/1/hau-giang-w40.html
SocTrang, https://kttv.gov.vn/Kttv/vi-VN/1/soc-trang-w27.html
KienGiang, https://kttv.gov.vn/Kttv/vi-VN/1/kien-giang-w41.html
BacLieu, https://kttv.gov.vn/Kttv/vi-VN/1/bac-lieu-w29.html
CaMau, https://kttv.gov.vn/Kttv/vi-VN/1/ca-mau-w42.html




